,text_labels_D3
0,"components { sidebar , home } orientation { sidebar-left-home-right } sidebar { user { user-img } nav { field-inactive , field-inactive , field-active } logo { logo-img } } home { cards { img-card , img-txt-btn-card , img-card } table { btns { btn } table-col { category , category } table-row { entry } } }"
1,"components { sidebar , home } orientation { sidebar-left-home-right } sidebar { logo { logo-img } nav { field-inactive , field-inactive , field-active } user { user-name } } home { table { btns { btn } table-col { category , category , category } table-row { entry , entry , entry , entry } } cards { img-card , img-btn-card , img-txt-btn-card } }"
2,"components { sidebar , home } orientation { sidebar-left-home-right } sidebar { user { user-name } logo { logo-img } nav { field-inactive , field-inactive , field-active } } home { table { btns { btn , btn } table-col { category , category } table-row { entry , entry } } cards { img-btn-card , img-btn-card } }"
3,"components { sidebar , home } orientation { sidebar-left-home-right } sidebar { nav { field-active } logo { logo-txt } } home { cards { img-txt-btn-card , img-card , img-btn-card } table { btns { btn , btn } table-col { category , category , category } table-row { entry , entry , entry } } }"
4,"components { sidebar , home } orientation { sidebar-left-home-right } sidebar { nav { field-inactive , field-inactive , field-active } user { user-img-user-name } logo { logo-img } } home { cards { img-card , img-txt-btn-card , img-btn-card } table { btns { btn , btn } table-col { category , category } table-row { entry } } }"
5,"components { sidebar , home } orientation { sidebar-left-home-right } sidebar { nav { field-inactive , field-inactive , field-active } logo { logo-txt } user { user-img } } home { table { btns { btn , btn , btn } table-col { category , category } table-row { entry , entry , entry , entry } } cards { img-card , img-card , img-card } }"
6,"components { sidebar , home } orientation { sidebar-left-home-right } sidebar { nav { field-inactive , field-inactive , field-active } user { user-img } logo { logo-txt } } home { table { btns { btn , btn } table-col { category , category } table-row { entry , entry , entry , entry } } cards { img-btn-card , img-txt-btn-card , img-card } }"
7,"components { sidebar , home } orientation { sidebar-left-home-right } sidebar { logo { logo-txt } nav { field-inactive , field-inactive , field-active } user { user-name } } home { table { btns { btn , btn } table-col { category , category , category } table-row { entry } } cards { img-card } }"
8,"components { sidebar , home } orientation { sidebar-left-home-right } sidebar { logo { logo-txt } nav { field-active , field-inactive , field-inactive , field-inactive } } home { cards { img-card , img-txt-btn-card , img-btn-card } table { btns { btn , btn } table-col { category , category } table-row { entry , entry , entry } } }"
9,"components { sidebar , home } orientation { sidebar-left-home-right } sidebar { nav { field-inactive , field-inactive , field-active } logo { logo-txt } user { user-img-user-name } } home { table { btns { btn , btn } table-col { category , category } table-row { entry , entry , entry , entry } } cards { img-btn-card , img-card } }"
10,"components { sidebar , home } orientation { sidebar-left-home-right } sidebar { nav { field-active , field-inactive } logo { logo-img } user { user-img } } home { cards { img-card } table { btns { btn } table-col { category , category , category } table-row { entry , entry } } }"
11,"components { sidebar , home } orientation { sidebar-left-home-right } sidebar { nav { field-active , field-inactive } user { user-img } logo { logo-img } } home { table { btns { btn , btn } table-col { category , category , category } table-row { entry } } cards { img-txt-btn-card , img-btn-card , img-card } }"
12,"components { sidebar , home } orientation { sidebar-left-home-right } sidebar { logo { logo-img } nav { field-active , field-inactive } user { user-img } } home { table { btns { btn , btn } table-col { category , category , category } table-row { entry } } cards { img-txt-btn-card , img-txt-btn-card , img-card } }"
13,"components { sidebar , home } orientation { sidebar-left-home-right } sidebar { logo { logo-img } user { user-img } nav { field-active , field-inactive } } home { cards { img-btn-card , img-txt-btn-card , img-card } table { btns { btn , btn , btn } table-col { category , category } table-row { entry , entry , entry , entry } } }"
14,"components { sidebar , home } orientation { sidebar-left-home-right } sidebar { user { user-img } logo { logo-img } nav { field-active , field-inactive } } home { cards { img-btn-card , img-txt-btn-card , img-txt-btn-card } table { btns { btn , btn } table-col { category , category , category } table-row { entry , entry } } }"
15,"components { sidebar , home } orientation { sidebar-left-home-right } sidebar { nav { field-active , field-inactive } user { user-name } logo { logo-img } } home { table { btns { btn , btn , btn } table-col { category , category , category } table-row { entry } } cards { img-card , img-card } }"
16,"components { sidebar , home } orientation { sidebar-left-home-right } sidebar { logo { logo-img } user { user-name } nav { field-active , field-inactive } } home { table { btns { btn , btn } table-col { category , category , category } table-row { entry } } cards { img-txt-btn-card , img-card , img-card } }"
17,"components { sidebar , home } orientation { sidebar-left-home-right } sidebar { logo { logo-img } nav { field-active , field-inactive } user { user-img-user-name } } home { table { btns { btn , btn , btn } table-col { category , category , category } table-row { entry , entry } } cards { img-txt-btn-card , img-txt-btn-card , img-card } }"
18,"components { sidebar , home } orientation { sidebar-left-home-right } sidebar { logo { logo-txt } nav { field-active , field-inactive } user { user-img } } home { table { btns { btn } table-col { category , category } table-row { entry } } cards { img-txt-btn-card , img-btn-card , img-card } }"
19,"components { sidebar , home } orientation { sidebar-left-home-right } sidebar { logo { logo-txt } user { user-name } nav { field-active , field-inactive } } home { table { btns { btn , btn , btn } table-col { category , category , category } table-row { entry , entry , entry } } cards { img-txt-btn-card } }"
20,"components { sidebar , home } orientation { sidebar-left-home-right } sidebar { user { user-name } nav { field-active , field-inactive } logo { logo-txt } } home { cards { img-card , img-btn-card , img-btn-card } table { btns { btn } table-col { category , category , category } table-row { entry } } }"
21,"components { sidebar , home } orientation { sidebar-left-home-right } sidebar { logo { logo-txt } user { user-img-user-name } nav { field-active , field-inactive } } home { cards { img-btn-card , img-txt-btn-card , img-btn-card } table { btns { btn } table-col { category , category } table-row { entry , entry , entry , entry } } }"
22,"components { sidebar , home } orientation { sidebar-left-home-right } sidebar { nav { field-inactive , field-active } logo { logo-img } user { user-img } } home { cards { img-card , img-btn-card , img-card } table { btns { btn , btn , btn } table-col { category , category } table-row { entry , entry } } }"
23,"components { sidebar , home } orientation { sidebar-left-home-right } sidebar { nav { field-inactive , field-active } user { user-img } logo { logo-img } } home { table { btns { btn , btn , btn } table-col { category , category , category } table-row { entry , entry , entry , entry } } cards { img-card , img-txt-btn-card , img-txt-btn-card } }"
24,"components { sidebar , home } orientation { sidebar-left-home-right } sidebar { user { user-img } logo { logo-img } nav { field-inactive , field-active } } home { cards { img-txt-btn-card , img-btn-card } table { btns { btn , btn , btn } table-col { category , category , category } table-row { entry , entry , entry } } }"
25,"components { sidebar , home } orientation { sidebar-left-home-right } sidebar { user { user-img } logo { logo-img } nav { field-inactive , field-active } } home { cards { img-txt-btn-card , img-card , img-btn-card } table { btns { btn , btn , btn } table-col { category , category , category } table-row { entry , entry , entry , entry } } }"
26,"components { sidebar , home } orientation { sidebar-left-home-right } sidebar { user { user-img } logo { logo-img } nav { field-inactive , field-active } } home { cards { img-txt-btn-card , img-card , img-txt-btn-card } table { btns { btn , btn } table-col { category , category } table-row { entry , entry , entry } } }"
27,"components { sidebar , home } orientation { sidebar-left-home-right } sidebar { user { user-img } nav { field-inactive , field-active } logo { logo-img } } home { cards { img-btn-card , img-txt-btn-card , img-txt-btn-card } }"
28,"components { sidebar , home } orientation { sidebar-left-home-right } sidebar { logo { logo-img } nav { field-inactive , field-inactive , field-inactive , field-active } } home { cards { img-btn-card , img-card } table { btns { btn } table-col { category , category , category } table-row { entry , entry } } }"
29,"components { sidebar , home } orientation { sidebar-left-home-right } sidebar { nav { field-inactive , field-active } user { user-name } logo { logo-img } } home { cards { img-btn-card } table { btns { btn } table-col { category , category , category } table-row { entry , entry , entry , entry } } }"
30,"components { sidebar , home } orientation { sidebar-left-home-right } sidebar { nav { field-inactive , field-active } user { user-name } logo { logo-img } } home { cards { img-btn-card , img-txt-btn-card , img-btn-card } table { btns { btn } table-col { category , category , category } table-row { entry } } }"
31,"components { sidebar , home } orientation { sidebar-left-home-right } sidebar { logo { logo-img } user { user-name } nav { field-inactive , field-active } } home { table { btns { btn } table-col { category , category , category } table-row { entry , entry , entry , entry } } cards { img-txt-btn-card , img-card , img-card } }"
32,"components { sidebar , home } orientation { sidebar-left-home-right } sidebar { user { user-name } logo { logo-img } nav { field-inactive , field-active } } home { cards { img-card , img-btn-card , img-card } table { btns { btn , btn } table-col { category , category } table-row { entry , entry } } }"
33,"components { sidebar , home } orientation { sidebar-left-home-right } sidebar { logo { logo-img } nav { field-inactive , field-inactive , field-inactive , field-active } } home { cards { img-txt-btn-card , img-btn-card , img-txt-btn-card } table { btns { btn , btn , btn } table-col { category , category , category } table-row { entry , entry } } }"
34,"components { sidebar , home } orientation { sidebar-left-home-right } sidebar { user { user-img-user-name } logo { logo-img } nav { field-inactive , field-active } } home { table { btns { btn , btn , btn } table-col { category , category } table-row { entry , entry } } cards { img-btn-card , img-btn-card } }"
35,"components { sidebar , home } orientation { sidebar-left-home-right } sidebar { logo { logo-txt } nav { field-inactive , field-inactive , field-inactive , field-active } } home { cards { img-txt-btn-card , img-txt-btn-card } table { btns { btn , btn , btn } table-col { category , category , category } table-row { entry , entry , entry , entry } } }"
36,"components { sidebar , home } orientation { sidebar-left-home-right } sidebar { user { user-img-user-name } nav { field-inactive , field-active } logo { logo-img } } home { cards { img-btn-card , img-txt-btn-card , img-txt-btn-card } table { btns { btn } table-col { category , category , category } table-row { entry , entry , entry , entry } } }"
37,"components { sidebar , home } orientation { sidebar-left-home-right } sidebar { user { user-img-user-name } nav { field-inactive , field-active } logo { logo-img } } home { table { btns { btn , btn } table-col { category , category , category } table-row { entry , entry , entry , entry } } cards { img-card , img-txt-btn-card , img-card } }"
38,"components { sidebar , home } orientation { sidebar-left-home-right } sidebar { nav { field-inactive , field-active } user { user-img } logo { logo-txt } } home { cards { img-txt-btn-card , img-txt-btn-card , img-card } table { btns { btn } table-col { category , category , category } table-row { entry , entry , entry } } }"
39,"components { sidebar , home } orientation { sidebar-left-home-right } sidebar { nav { field-inactive , field-active } logo { logo-txt } user { user-name } } home { cards { img-card , img-card , img-txt-btn-card } table { btns { btn , btn , btn } table-col { category , category , category } table-row { entry , entry , entry , entry } } }"
40,"components { sidebar , home } orientation { sidebar-left-home-right } sidebar { nav { field-inactive , field-active } user { user-name } logo { logo-txt } } home { cards { img-btn-card , img-txt-btn-card , img-txt-btn-card } table { btns { btn } table-col { category , category } table-row { entry , entry } } }"
41,"components { sidebar , home } orientation { sidebar-left-home-right } sidebar { nav { field-inactive , field-active } user { user-img-user-name } logo { logo-txt } } home { table { btns { btn , btn , btn } table-col { category , category , category } table-row { entry , entry } } cards { img-btn-card , img-txt-btn-card , img-btn-card } }"
42,"components { sidebar , home } orientation { sidebar-left-home-right } sidebar { user { user-img-user-name } nav { field-inactive , field-active } logo { logo-txt } } home { table { btns { btn , btn , btn } table-col { category , category } table-row { entry } } cards { img-card , img-btn-card , img-card } }"
43,"components { sidebar , home } orientation { sidebar-left-home-right } sidebar { nav { field-active } logo { logo-img } user { user-img } } home { table { btns { btn , btn , btn } table-col { category , category , category } table-row { entry , entry , entry } } cards { img-card } }"
44,"components { sidebar , home } orientation { sidebar-left-home-right } sidebar { logo { logo-img } nav { field-active } user { user-img } } home { cards { img-txt-btn-card , img-card , img-card } table { btns { btn } table-col { category , category , category } table-row { entry , entry , entry , entry } } }"
45,"components { sidebar , home } orientation { sidebar-left-home-right } sidebar { nav { field-inactive , field-active , field-inactive , field-inactive } } home { cards { img-btn-card , img-txt-btn-card , img-txt-btn-card } table { btns { btn } table-col { category , category , category } table-row { entry , entry , entry , entry } } }"
46,"components { sidebar , home } orientation { sidebar-left-home-right } sidebar { user { user-img-user-name } logo { logo-img } nav { field-active } } home { cards { img-btn-card , img-btn-card } table { btns { btn } table-col { category , category } table-row { entry , entry , entry } } }"
47,"components { sidebar , home } orientation { sidebar-left-home-right } sidebar { logo { logo-txt } nav { field-active } user { user-img-user-name } } home { table { btns { btn } table-col { category , category , category } table-row { entry , entry } } cards { img-card , img-txt-btn-card , img-txt-btn-card } }"
48,"components { home , sidebar } orientation { sidebar-right-home-left } home { cards { img-btn-card , img-card } } sidebar { nav { field-inactive , field-inactive , field-active } logo { logo-img } user { user-img-user-name } }"
49,"components { home , sidebar } orientation { sidebar-right-home-left } home { cards { img-card , img-card } } sidebar { logo { logo-img } user { user-img-user-name } nav { field-inactive , field-active , field-inactive } }"
50,"components { home , sidebar } orientation { sidebar-right-home-left } home { cards { img-card , img-card , img-card } } sidebar { nav { field-inactive , field-inactive , field-inactive , field-active } user { user-img-user-name } logo { logo-txt } }"
51,"components { home , sidebar } orientation { sidebar-right-home-left } home { cards { img-btn-card , img-txt-btn-card , img-txt-btn-card } } sidebar { nav { field-inactive , field-inactive , field-inactive , field-active } user { user-name } logo { logo-img } }"
52,"components { sidebar , home } orientation { sidebar-left-home-right } sidebar { logo { logo-txt } nav { field-inactive , field-inactive , field-active } } home { cards { img-btn-card , img-card , img-card } table { btns { btn , btn } table-col { category , category , category } table-row { entry , entry , entry } } }"
53,"components { home , sidebar } orientation { sidebar-right-home-left } home { table { btns { btn } table-col { category , category } table-row { entry } } } sidebar { user { user-img-user-name } nav { field-inactive , field-active } logo { logo-txt } }"
54,"components { home , sidebar } orientation { sidebar-right-home-left } home { table { btns { btn , btn } table-col { category , category , category } table-row { entry , entry , entry } } } sidebar { user { user-img } nav { field-inactive , field-active , field-inactive } logo { logo-img } }"
55,"components { home , sidebar } orientation { sidebar-right-home-left } home { cards { img-card } table { btns { btn } table-col { category , category , category } table-row { entry , entry , entry , entry } } } sidebar { nav { field-active , field-inactive } logo { logo-img } user { user-img } }"
56,"components { home , sidebar } orientation { sidebar-right-home-left } home { cards { img-card } table { btns { btn , btn } table-col { category , category , category } table-row { entry } } } sidebar { user { user-img-user-name } logo { logo-img } nav { field-inactive , field-inactive , field-inactive , field-active } }"
57,"components { home , sidebar } orientation { sidebar-right-home-left } home { cards { img-card } table { btns { btn , btn , btn } table-col { category , category } table-row { entry } } } sidebar { nav { field-inactive , field-active , field-inactive } logo { logo-img } user { user-img } }"
58,"components { home , sidebar } orientation { sidebar-right-home-left } home { cards { img-btn-card } table { btns { btn } table-col { category , category , category } table-row { entry , entry , entry , entry } } } sidebar { user { user-name } nav { field-inactive , field-inactive , field-active } logo { logo-img } }"
59,"components { home , sidebar } orientation { sidebar-right-home-left } home { cards { img-btn-card } table { btns { btn , btn , btn } table-col { category , category } table-row { entry , entry , entry } } } sidebar { nav { field-active , field-inactive , field-inactive , field-inactive } user { user-img-user-name } }"
60,"components { home , sidebar } orientation { sidebar-right-home-left } home { cards { img-txt-btn-card } table { btns { btn } table-col { category , category , category } table-row { entry , entry } } } sidebar { logo { logo-img } nav { field-active , field-inactive , field-inactive , field-inactive } }"
61,"components { home , sidebar } orientation { sidebar-right-home-left } home { cards { img-txt-btn-card } table { btns { btn , btn } table-col { category , category , category } table-row { entry , entry , entry } } } sidebar { user { user-img-user-name } nav { field-active , field-inactive , field-inactive } logo { logo-img } }"
62,"components { home , sidebar } orientation { sidebar-right-home-left } home { cards { img-card , img-btn-card } table { btns { btn } table-col { category , category } table-row { entry , entry , entry , entry } } } sidebar { nav { field-inactive , field-active , field-inactive } logo { logo-img } user { user-img-user-name } }"
63,"components { home , sidebar } orientation { sidebar-right-home-left } home { cards { img-card , img-btn-card } table { btns { btn } table-col { category , category , category } table-row { entry , entry , entry , entry } } } sidebar { user { user-name } nav { field-inactive , field-inactive , field-inactive , field-active } logo { logo-txt } }"
64,"components { home , sidebar } orientation { sidebar-right-home-left } home { cards { img-card , img-btn-card } table { btns { btn , btn } table-col { category , category , category } table-row { entry } } } sidebar { logo { logo-img } nav { field-inactive , field-active , field-inactive } user { user-img } }"
65,"components { home , sidebar } orientation { sidebar-right-home-left } home { cards { img-card , img-btn-card } table { btns { btn , btn } table-col { category , category , category } table-row { entry } } } sidebar { logo { logo-txt } nav { field-inactive , field-active } user { user-name } }"
66,"components { home , sidebar } orientation { sidebar-right-home-left } home { cards { img-card , img-btn-card } table { btns { btn , btn } table-col { category , category , category } table-row { entry , entry } } } sidebar { user { user-name } nav { field-active , field-inactive , field-inactive , field-inactive } logo { logo-img } }"
67,"components { home , sidebar } orientation { sidebar-right-home-left } home { cards { img-card , img-txt-btn-card } table { btns { btn } table-col { category , category , category } table-row { entry , entry } } } sidebar { nav { field-inactive , field-inactive , field-active } user { user-name } logo { logo-img } }"
68,"components { home , sidebar } orientation { sidebar-right-home-left } home { cards { img-card , img-txt-btn-card } table { btns { btn , btn } table-col { category , category } table-row { entry , entry } } } sidebar { user { user-name } nav { field-inactive , field-active , field-inactive , field-inactive } }"
69,"components { home , sidebar } orientation { sidebar-right-home-left } home { cards { img-card , img-txt-btn-card } table { btns { btn , btn , btn } table-col { category , category , category } table-row { entry , entry , entry } } } sidebar { logo { logo-txt } nav { field-inactive , field-active , field-inactive , field-inactive } user { user-img-user-name } }"
70,"components { home , sidebar } orientation { sidebar-right-home-left } home { cards { img-btn-card , img-card } table { btns { btn } table-col { category , category , category } table-row { entry , entry , entry , entry } } } sidebar { user { user-name } logo { logo-img } nav { field-inactive , field-active } }"
71,"components { home , sidebar } orientation { sidebar-right-home-left } home { cards { img-btn-card , img-txt-btn-card } table { btns { btn , btn } table-col { category , category , category } table-row { entry } } } sidebar { logo { logo-img } nav { field-active , field-inactive , field-inactive , field-inactive } user { user-name } }"
72,"components { sidebar , home } orientation { sidebar-left-home-right } sidebar { logo { logo-img } nav { field-active } } home { cards { img-card , img-card } table { btns { btn , btn , btn } table-col { category , category , category } table-row { entry } } }"
73,"components { home , sidebar } orientation { sidebar-right-home-left } home { cards { img-txt-btn-card , img-btn-card } table { btns { btn , btn } table-col { category , category } table-row { entry } } } sidebar { nav { field-inactive , field-active } user { user-name } }"
74,"components { home , sidebar } orientation { sidebar-right-home-left } home { cards { img-card , img-card } table { btns { btn } table-col { category , category } table-row { entry , entry , entry , entry } } } sidebar { nav { field-active , field-inactive , field-inactive } logo { logo-txt } user { user-img-user-name } }"
75,"components { home , sidebar } orientation { sidebar-right-home-left } home { cards { img-card , img-card } table { btns { btn } table-col { category , category } table-row { entry , entry , entry , entry } } } sidebar { logo { logo-txt } user { user-img-user-name } nav { field-inactive , field-active } }"
76,"components { home , sidebar } orientation { sidebar-right-home-left } home { cards { img-card , img-card } table { btns { btn , btn } table-col { category , category } table-row { entry , entry } } } sidebar { nav { field-inactive , field-inactive , field-inactive , field-active } user { user-name } logo { logo-txt } }"
77,"components { home , sidebar } orientation { sidebar-right-home-left } home { cards { img-card , img-card } table { btns { btn , btn , btn } table-col { category , category } table-row { entry } } } sidebar { user { user-img-user-name } logo { logo-img } }"
78,"components { home , sidebar } orientation { sidebar-right-home-left } home { cards { img-btn-card , img-btn-card } table { btns { btn , btn , btn } table-col { category , category } table-row { entry , entry } } } sidebar { nav { field-inactive , field-active , field-inactive , field-inactive } user { user-img } }"
79,"components { home , sidebar } orientation { sidebar-right-home-left } home { cards { img-txt-btn-card , img-txt-btn-card } table { btns { btn } table-col { category , category } table-row { entry , entry , entry , entry } } } sidebar { nav { field-inactive , field-inactive , field-active , field-inactive } logo { logo-img } user { user-name } }"
80,"components { sidebar , home } orientation { sidebar-left-home-right } sidebar { nav { field-inactive , field-inactive , field-active , field-inactive } } home { table { btns { btn , btn , btn } table-col { category , category } table-row { entry , entry , entry } } cards { img-card } }"
81,"components { home , sidebar } orientation { sidebar-right-home-left } home { cards { img-txt-btn-card , img-txt-btn-card } table { btns { btn , btn , btn } table-col { category , category } table-row { entry , entry , entry , entry } } } sidebar { logo { logo-img } user { user-img } nav { field-active , field-inactive , field-inactive } }"
82,"components { home , sidebar } orientation { sidebar-right-home-left } home { cards { img-card , img-card , img-btn-card } table { btns { btn } table-col { category , category , category } table-row { entry , entry , entry , entry } } } sidebar { logo { logo-img } nav { field-inactive , field-inactive , field-active , field-inactive } user { user-img-user-name } }"
83,"components { home , sidebar } orientation { sidebar-right-home-left } home { cards { img-card , img-card , img-btn-card } table { btns { btn , btn , btn } table-col { category , category } table-row { entry , entry , entry , entry } } } sidebar { logo { logo-img } user { user-img } nav { field-active } }"
84,"components { home , sidebar } orientation { sidebar-right-home-left } home { cards { img-card , img-card , img-btn-card } table { btns { btn , btn , btn } table-col { category , category , category } table-row { entry , entry } } } sidebar { nav { field-active , field-inactive } logo { logo-txt } }"
85,"components { home , sidebar } orientation { sidebar-right-home-left } home { cards { img-card , img-card , img-txt-btn-card } table { btns { btn , btn } table-col { category , category , category } table-row { entry } } } sidebar { user { user-img-user-name } nav { field-active , field-inactive } }"
86,"components { home , sidebar } orientation { sidebar-right-home-left } home { cards { img-card , img-card , img-txt-btn-card } table { btns { btn , btn } table-col { category , category , category } table-row { entry } } } sidebar { logo { logo-txt } nav { field-inactive , field-inactive , field-active , field-inactive } user { user-name } }"
87,"components { sidebar , home } orientation { sidebar-left-home-right } sidebar { nav { field-active , field-inactive , field-inactive , field-inactive } user { user-img-user-name } } home { table { btns { btn } table-col { category , category , category } table-row { entry , entry , entry , entry } } cards { img-btn-card , img-btn-card , img-btn-card } }"
88,"components { home , sidebar } orientation { sidebar-right-home-left } home { cards { img-card , img-btn-card , img-card } table { btns { btn } table-col { category , category } table-row { entry , entry , entry , entry } } } sidebar { nav { field-active , field-inactive } logo { logo-txt } }"
89,"components { home , sidebar } orientation { sidebar-right-home-left } home { cards { img-card , img-btn-card , img-card } table { btns { btn } table-col { category , category , category } table-row { entry } } } sidebar { logo { logo-img } user { user-img-user-name } nav { field-inactive , field-active , field-inactive } }"
90,"components { home , sidebar } orientation { sidebar-right-home-left } home { cards { img-card , img-btn-card , img-card } table { btns { btn , btn } table-col { category , category } table-row { entry } } } sidebar { nav { field-active , field-inactive , field-inactive , field-inactive } user { user-img } logo { logo-img } }"
91,"components { home , sidebar } orientation { sidebar-right-home-left } home { cards { img-card , img-btn-card , img-btn-card } table { btns { btn , btn , btn } table-col { category , category } table-row { entry } } } sidebar { user { user-img } logo { logo-img } nav { field-inactive , field-active , field-inactive } }"
92,"components { sidebar , home } orientation { sidebar-left-home-right } sidebar { nav { field-inactive , field-active , field-inactive , field-inactive } user { user-name } } home { cards { img-txt-btn-card , img-btn-card } table { btns { btn } table-col { category , category , category } table-row { entry } } }"
93,"components { home , sidebar } orientation { sidebar-right-home-left } home { cards { img-card , img-btn-card , img-btn-card } table { btns { btn , btn , btn } table-col { category , category , category } table-row { entry , entry , entry , entry } } } sidebar { user { user-img-user-name } logo { logo-txt } nav { field-active , field-inactive , field-inactive } }"
94,"components { home , sidebar } orientation { sidebar-right-home-left } home { cards { img-card , img-btn-card , img-txt-btn-card } table { btns { btn } table-col { category , category , category } table-row { entry } } } sidebar { user { user-img-user-name } logo { logo-txt } nav { field-active } }"
95,"components { sidebar , home } orientation { sidebar-left-home-right } sidebar { nav { field-inactive , field-active , field-inactive , field-inactive } user { user-name } } home { table { btns { btn } table-col { category , category , category } table-row { entry , entry } } cards { img-btn-card , img-card , img-txt-btn-card } }"
96,"components { home , sidebar } orientation { sidebar-right-home-left } home { cards { img-card , img-txt-btn-card , img-card } table { btns { btn , btn } table-col { category , category , category } table-row { entry } } } sidebar { nav { field-inactive , field-inactive , field-active , field-inactive } user { user-img-user-name } logo { logo-txt } }"
97,"components { home , sidebar } orientation { sidebar-right-home-left } home { cards { img-card , img-txt-btn-card , img-btn-card } table { btns { btn } table-col { category , category } table-row { entry , entry } } } sidebar { nav { field-inactive , field-active } user { user-img-user-name } }"
98,"components { home , sidebar } orientation { sidebar-right-home-left } home { cards { img-card , img-txt-btn-card , img-txt-btn-card } table { btns { btn } table-col { category , category , category } table-row { entry , entry } } } sidebar { logo { logo-img } user { user-img-user-name } nav { field-inactive , field-active , field-inactive } }"
99,"components { sidebar , home } orientation { sidebar-left-home-right } sidebar { nav { field-inactive , field-inactive , field-active , field-inactive } user { user-img } } home { cards { img-txt-btn-card , img-btn-card , img-card } table { btns { btn , btn } table-col { category , category } table-row { entry , entry , entry , entry } } }"
100,"components { home , sidebar } orientation { sidebar-right-home-left } home { cards { img-card , img-txt-btn-card , img-txt-btn-card } table { btns { btn , btn , btn } table-col { category , category } table-row { entry , entry , entry , entry } } } sidebar { user { user-img } nav { field-active , field-inactive , field-inactive } logo { logo-txt } }"
101,"components { home , sidebar } orientation { sidebar-right-home-left } home { cards { img-btn-card , img-card , img-card } table { btns { btn } table-col { category , category } table-row { entry , entry } } } sidebar { logo { logo-txt } nav { field-inactive , field-inactive , field-inactive , field-active } user { user-img-user-name } }"
102,"components { home , sidebar } orientation { sidebar-right-home-left } home { cards { img-btn-card , img-card , img-card } table { btns { btn } table-col { category , category } table-row { entry , entry } } } sidebar { user { user-name } logo { logo-txt } nav { field-inactive , field-active , field-inactive } }"
103,"components { sidebar , home } orientation { sidebar-left-home-right } sidebar { nav { field-inactive , field-inactive , field-active , field-inactive } user { user-name } } home { table { btns { btn } table-col { category , category } table-row { entry } } cards { img-btn-card , img-btn-card , img-btn-card } }"
104,"components { home , sidebar } orientation { sidebar-right-home-left } home { cards { img-btn-card , img-card , img-btn-card } table { btns { btn , btn , btn } table-col { category , category , category } table-row { entry } } } sidebar { nav { field-inactive , field-active , field-inactive } logo { logo-img } user { user-img-user-name } }"
105,"components { home , sidebar } orientation { sidebar-right-home-left } home { cards { img-btn-card , img-card , img-txt-btn-card } table { btns { btn } table-col { category , category } table-row { entry , entry } } } sidebar { nav { field-active , field-inactive , field-inactive , field-inactive } user { user-img-user-name } logo { logo-img } }"
106,"components { home , sidebar } orientation { sidebar-right-home-left } home { cards { img-btn-card , img-card , img-txt-btn-card } table { btns { btn , btn } table-col { category , category , category } table-row { entry , entry } } } sidebar { user { user-img-user-name } logo { logo-img } nav { field-active , field-inactive } }"
107,"components { home , sidebar } orientation { sidebar-right-home-left } home { cards { img-btn-card , img-card , img-txt-btn-card } table { btns { btn , btn , btn } table-col { category , category } table-row { entry , entry } } } sidebar { logo { logo-txt } nav { field-inactive , field-inactive , field-active , field-inactive } }"
108,"components { home , sidebar } orientation { sidebar-right-home-left } home { cards { img-btn-card , img-btn-card , img-card } table { btns { btn , btn , btn } table-col { category , category } table-row { entry , entry } } } sidebar { user { user-img-user-name } logo { logo-img } nav { field-inactive , field-active , field-inactive , field-inactive } }"
109,"components { home , sidebar } orientation { sidebar-right-home-left } home { cards { img-btn-card , img-btn-card , img-card } table { btns { btn , btn , btn } table-col { category , category , category } table-row { entry , entry } } } sidebar { user { user-img } nav { field-inactive , field-active , field-inactive } }"
110,"components { home , sidebar } orientation { sidebar-right-home-left } home { cards { img-btn-card , img-btn-card , img-btn-card } table { btns { btn } table-col { category , category , category } table-row { entry , entry } } } sidebar { user { user-img-user-name } logo { logo-txt } nav { field-active , field-inactive , field-inactive , field-inactive } }"
111,"components { home , sidebar } orientation { sidebar-right-home-left } home { cards { img-btn-card , img-btn-card , img-btn-card } table { btns { btn , btn , btn } table-col { category , category } table-row { entry , entry , entry , entry } } } sidebar { nav { field-inactive , field-inactive , field-active } logo { logo-img } user { user-img-user-name } }"
112,"components { home , sidebar } orientation { sidebar-right-home-left } home { cards { img-btn-card , img-btn-card , img-btn-card } table { btns { btn , btn , btn } table-col { category , category , category } table-row { entry , entry } } } sidebar { nav { field-inactive , field-active , field-inactive } }"
113,"components { home , sidebar } orientation { sidebar-right-home-left } home { cards { img-btn-card , img-btn-card , img-txt-btn-card } table { btns { btn } table-col { category , category } table-row { entry } } } sidebar { nav { field-active } user { user-name } logo { logo-img } }"
114,"components { home , sidebar } orientation { sidebar-right-home-left } home { cards { img-btn-card , img-btn-card , img-txt-btn-card } table { btns { btn } table-col { category , category } table-row { entry , entry } } } sidebar { user { user-name } logo { logo-txt } nav { field-inactive , field-inactive , field-inactive , field-active } }"
115,"components { home , sidebar } orientation { sidebar-right-home-left } home { cards { img-btn-card , img-btn-card , img-txt-btn-card } table { btns { btn } table-col { category , category , category } table-row { entry } } } sidebar { user { user-img } logo { logo-img } nav { field-active , field-inactive } }"
116,"components { home , sidebar } orientation { sidebar-right-home-left } home { cards { img-btn-card , img-btn-card , img-txt-btn-card } table { btns { btn , btn , btn } table-col { category , category , category } table-row { entry , entry } } } sidebar { logo { logo-img } nav { field-active , field-inactive , field-inactive , field-inactive } }"
117,"components { home , sidebar } orientation { sidebar-right-home-left } home { cards { img-btn-card , img-txt-btn-card , img-card } table { btns { btn , btn } table-col { category , category } table-row { entry , entry } } } sidebar { user { user-img } nav { field-active , field-inactive , field-inactive } logo { logo-txt } }"
118,"components { home , sidebar } orientation { sidebar-right-home-left } home { cards { img-btn-card , img-txt-btn-card , img-card } table { btns { btn , btn } table-col { category , category } table-row { entry , entry } } } sidebar { nav { field-inactive , field-inactive , field-active } logo { logo-img } user { user-img } }"
119,"components { home , sidebar } orientation { sidebar-right-home-left } home { cards { img-btn-card , img-txt-btn-card , img-card } table { btns { btn , btn , btn } table-col { category , category } table-row { entry } } } sidebar { user { user-img-user-name } nav { field-active , field-inactive , field-inactive , field-inactive } logo { logo-txt } }"
120,"components { home , sidebar } orientation { sidebar-right-home-left } home { cards { img-btn-card , img-txt-btn-card , img-card } table { btns { btn , btn , btn } table-col { category , category , category } table-row { entry , entry , entry , entry } } } sidebar { nav { field-active , field-inactive , field-inactive } user { user-img-user-name } }"
121,"components { home , sidebar } orientation { sidebar-right-home-left } home { cards { img-btn-card , img-txt-btn-card , img-btn-card } table { btns { btn } table-col { category , category } table-row { entry , entry } } } sidebar { logo { logo-txt } nav { field-active , field-inactive , field-inactive } }"
122,"components { home , sidebar } orientation { sidebar-right-home-left } home { cards { img-btn-card , img-txt-btn-card , img-btn-card } table { btns { btn } table-col { category , category } table-row { entry , entry , entry , entry } } } sidebar { logo { logo-img } user { user-name } nav { field-inactive , field-active , field-inactive } }"
123,"components { home , sidebar } orientation { sidebar-right-home-left } home { cards { img-btn-card , img-txt-btn-card , img-btn-card } table { btns { btn , btn , btn } table-col { category , category , category } table-row { entry , entry , entry , entry } } } sidebar { user { user-name } logo { logo-txt } nav { field-inactive , field-inactive , field-active , field-inactive } }"
124,"components { home , sidebar } orientation { sidebar-right-home-left } home { cards { img-btn-card , img-txt-btn-card , img-txt-btn-card } table { btns { btn , btn } table-col { category , category , category } table-row { entry } } } sidebar { nav { field-inactive , field-inactive , field-inactive , field-active } logo { logo-img } user { user-img } }"
125,"components { home , sidebar } orientation { sidebar-right-home-left } home { cards { img-btn-card , img-txt-btn-card , img-txt-btn-card } table { btns { btn , btn , btn } table-col { category , category } table-row { entry , entry , entry } } } sidebar { user { user-name } nav { field-inactive , field-inactive , field-active } logo { logo-txt } }"
126,"components { sidebar , home } orientation { sidebar-left-home-right } sidebar { nav { field-inactive , field-inactive , field-inactive , field-active } } home { table { btns { btn } table-col { category , category , category } table-row { entry } } cards { img-card , img-card , img-card } }"
127,"components { home , sidebar } orientation { sidebar-right-home-left } home { cards { img-txt-btn-card , img-card , img-card } table { btns { btn } table-col { category , category , category } table-row { entry } } } sidebar { user { user-img-user-name } nav { field-inactive , field-inactive , field-active } }"
128,"components { home , sidebar } orientation { sidebar-right-home-left } home { cards { img-txt-btn-card , img-card , img-card } table { btns { btn , btn } table-col { category , category , category } table-row { entry , entry } } } sidebar { logo { logo-txt } nav { field-active } }"
129,"components { home , sidebar } orientation { sidebar-right-home-left } home { cards { img-txt-btn-card , img-card , img-card } table { btns { btn , btn } table-col { category , category , category } table-row { entry , entry , entry , entry } } } sidebar { logo { logo-img } nav { field-active } user { user-img } }"
130,"components { home , sidebar } orientation { sidebar-right-home-left } home { cards { img-txt-btn-card , img-card , img-btn-card } table { btns { btn } table-col { category , category } table-row { entry , entry } } } sidebar { nav { field-active , field-inactive } logo { logo-img } user { user-img-user-name } }"
131,"components { home , sidebar } orientation { sidebar-right-home-left } home { cards { img-txt-btn-card , img-card , img-btn-card } table { btns { btn } table-col { category , category } table-row { entry , entry , entry } } } sidebar { user { user-img } nav { field-active , field-inactive , field-inactive , field-inactive } logo { logo-txt } }"
132,"components { home , sidebar } orientation { sidebar-right-home-left } home { cards { img-txt-btn-card , img-card , img-btn-card } table { btns { btn } table-col { category , category , category } table-row { entry , entry } } } sidebar { user { user-img-user-name } logo { logo-txt } nav { field-active , field-inactive } }"
133,"components { home , sidebar } orientation { sidebar-right-home-left } home { cards { img-txt-btn-card , img-card , img-btn-card } table { btns { btn , btn , btn } table-col { category , category , category } table-row { entry , entry , entry } } } sidebar { logo { logo-img } }"
134,"components { home , sidebar } orientation { sidebar-right-home-left } home { cards { img-txt-btn-card , img-card , img-txt-btn-card } table { btns { btn , btn , btn } table-col { category , category , category } table-row { entry , entry , entry , entry } } } sidebar { logo { logo-txt } nav { field-active , field-inactive } user { user-name } }"
135,"components { home , sidebar } orientation { sidebar-right-home-left } home { cards { img-txt-btn-card , img-btn-card , img-btn-card } table { btns { btn } table-col { category , category , category } table-row { entry } } } sidebar { user { user-img } nav { field-inactive , field-inactive , field-inactive , field-active } logo { logo-txt } }"
136,"components { home , sidebar } orientation { sidebar-right-home-left } home { cards { img-txt-btn-card , img-btn-card , img-txt-btn-card } table { btns { btn , btn } table-col { category , category } table-row { entry , entry } } } sidebar { nav { field-inactive , field-active , field-inactive , field-inactive } logo { logo-txt } }"
137,"components { home , sidebar } orientation { sidebar-right-home-left } home { cards { img-txt-btn-card , img-btn-card , img-txt-btn-card } table { btns { btn , btn } table-col { category , category } table-row { entry , entry , entry , entry } } } sidebar { user { user-img } logo { logo-txt } nav { field-inactive , field-active } }"
138,"components { home , sidebar } orientation { sidebar-right-home-left } home { cards { img-txt-btn-card , img-txt-btn-card , img-card } table { btns { btn , btn } table-col { category , category } table-row { entry , entry , entry , entry } } } sidebar { user { user-img-user-name } nav { field-inactive , field-active } logo { logo-img } }"
139,"components { home , sidebar } orientation { sidebar-right-home-left } home { cards { img-txt-btn-card , img-txt-btn-card , img-btn-card } table { btns { btn , btn } table-col { category , category , category } table-row { entry , entry , entry } } } sidebar { nav { field-inactive , field-inactive , field-inactive , field-active } logo { logo-txt } }"
140,"components { home , sidebar } orientation { sidebar-right-home-left } home { cards { img-txt-btn-card , img-txt-btn-card , img-btn-card } table { btns { btn , btn } table-col { category , category , category } table-row { entry , entry , entry , entry } } } sidebar { logo { logo-txt } user { user-img } nav { field-active , field-inactive } }"
141,"components { home , sidebar } orientation { sidebar-right-home-left } home { cards { img-txt-btn-card , img-txt-btn-card , img-btn-card } table { btns { btn , btn , btn } table-col { category , category , category } table-row { entry , entry } } } sidebar { nav { field-active , field-inactive } logo { logo-txt } }"
142,"components { home , sidebar } orientation { sidebar-right-home-left } home { cards { img-txt-btn-card , img-txt-btn-card , img-btn-card } table { btns { btn , btn , btn } table-col { category , category , category } table-row { entry , entry , entry , entry } } } sidebar { nav { field-active , field-inactive , field-inactive , field-inactive } user { user-name } logo { logo-img } }"
143,"components { home , sidebar } orientation { sidebar-right-home-left } home { cards { img-txt-btn-card , img-txt-btn-card , img-txt-btn-card } table { btns { btn } table-col { category , category , category } table-row { entry , entry , entry } } } sidebar { nav { field-active , field-inactive , field-inactive } logo { logo-txt } }"
144,"components { home , sidebar } orientation { sidebar-right-home-left } home { cards { img-txt-btn-card , img-txt-btn-card , img-txt-btn-card } table { btns { btn , btn } table-col { category , category , category } table-row { entry , entry , entry , entry } } } sidebar { user { user-img } logo { logo-txt } nav { field-active , field-inactive } }"
145,"components { home , sidebar } orientation { sidebar-right-home-left } home { cards { img-txt-btn-card , img-txt-btn-card , img-txt-btn-card } table { btns { btn , btn , btn } table-col { category , category } table-row { entry } } } sidebar { logo { logo-txt } user { user-img } nav { field-active , field-inactive , field-inactive } }"
146,"components { sidebar , home } orientation { sidebar-left-home-right } sidebar { nav { field-inactive , field-active , field-inactive } user { user-img-user-name } } home { table { btns { btn , btn , btn } table-col { category , category , category } table-row { entry , entry , entry } } cards { img-txt-btn-card , img-card } }"
147,"components { home , sidebar } orientation { sidebar-right-home-left } home { table { btns { btn } table-col { category , category } table-row { entry } } cards { img-card } } sidebar { logo { logo-txt } user { user-img } nav { field-inactive , field-active , field-inactive } }"
148,"components { home , sidebar } orientation { sidebar-right-home-left } home { table { btns { btn } table-col { category , category } table-row { entry } } cards { img-card } } sidebar { nav { field-inactive , field-active } user { user-name } logo { logo-txt } }"
149,"components { home , sidebar } orientation { sidebar-right-home-left } home { table { btns { btn , btn } table-col { category , category } table-row { entry , entry } } cards { img-card } } sidebar { nav { field-active , field-inactive , field-inactive , field-inactive } logo { logo-img } }"
150,"components { sidebar , home } orientation { sidebar-left-home-right } sidebar { nav { field-inactive , field-inactive , field-active } user { user-img } } home { cards { img-btn-card , img-btn-card , img-txt-btn-card } table { btns { btn , btn , btn } table-col { category , category } table-row { entry , entry , entry , entry } } }"
151,"components { sidebar , home } orientation { sidebar-left-home-right } sidebar { nav { field-inactive , field-inactive , field-active } user { user-img } } home { table { btns { btn , btn } table-col { category , category , category } table-row { entry , entry } } cards { img-btn-card , img-txt-btn-card , img-btn-card } }"
152,"components { sidebar , home } orientation { sidebar-left-home-right } sidebar { nav { field-inactive , field-inactive , field-active } user { user-name } } home { cards { img-card , img-txt-btn-card , img-card } table { btns { btn , btn } table-col { category , category } table-row { entry , entry } } }"
153,"components { home , sidebar } orientation { sidebar-right-home-left } home { table { btns { btn } table-col { category , category , category } table-row { entry } } cards { img-card , img-btn-card } } sidebar { user { user-img } nav { field-inactive , field-inactive , field-active , field-inactive } logo { logo-img } }"
154,"components { home , sidebar } orientation { sidebar-right-home-left } home { table { btns { btn } table-col { category , category , category } table-row { entry , entry , entry , entry } } cards { img-card , img-btn-card } } sidebar { nav { field-inactive , field-inactive , field-inactive , field-active } user { user-name } }"
155,"components { sidebar , home } orientation { sidebar-left-home-right } sidebar { nav { field-inactive , field-inactive , field-active } user { user-img-user-name } } home { cards { img-card , img-txt-btn-card , img-card } table { btns { btn , btn , btn } table-col { category , category , category } table-row { entry } } }"
156,"components { home , sidebar } orientation { sidebar-right-home-left } home { table { btns { btn , btn , btn } table-col { category , category } table-row { entry } } cards { img-card , img-txt-btn-card } } sidebar { nav { field-active , field-inactive } logo { logo-txt } user { user-img } }"
157,"components { home , sidebar } orientation { sidebar-right-home-left } home { table { btns { btn , btn , btn } table-col { category , category } table-row { entry , entry , entry , entry } } cards { img-card , img-txt-btn-card } } sidebar { nav { field-inactive , field-active } user { user-name } }"
158,"components { sidebar , home } orientation { sidebar-left-home-right } sidebar { nav { field-inactive , field-inactive , field-active } user { user-img-user-name } } home { table { btns { btn } table-col { category , category } table-row { entry } } cards { img-btn-card , img-txt-btn-card , img-card } }"
159,"components { home , sidebar } orientation { sidebar-right-home-left } home { table { btns { btn , btn , btn } table-col { category , category } table-row { entry , entry , entry } } cards { img-btn-card , img-card } } sidebar { logo { logo-txt } nav { field-inactive , field-active } user { user-img } }"
160,"components { home , sidebar } orientation { sidebar-right-home-left } home { table { btns { btn , btn , btn } table-col { category , category } table-row { entry , entry } } cards { img-btn-card , img-txt-btn-card } } sidebar { user { user-img } nav { field-active , field-inactive } logo { logo-img } }"
161,"components { home , sidebar } orientation { sidebar-right-home-left } home { table { btns { btn , btn , btn } table-col { category , category } table-row { entry , entry , entry , entry } } cards { img-btn-card , img-txt-btn-card } } sidebar { user { user-name } logo { logo-img } }"
162,"components { home , sidebar } orientation { sidebar-right-home-left } home { table { btns { btn , btn , btn } table-col { category , category , category } table-row { entry } } cards { img-txt-btn-card , img-card } } sidebar { nav { field-active , field-inactive , field-inactive , field-inactive } logo { logo-img } }"
163,"components { home , sidebar } orientation { sidebar-right-home-left } home { table { btns { btn } table-col { category , category } table-row { entry , entry , entry } } cards { img-txt-btn-card , img-btn-card } } sidebar { nav { field-inactive , field-inactive , field-active } logo { logo-txt } user { user-name } }"
164,"components { home , sidebar } orientation { sidebar-right-home-left } home { table { btns { btn } table-col { category , category , category } table-row { entry , entry , entry } } cards { img-txt-btn-card , img-btn-card } } sidebar { nav { field-active , field-inactive } user { user-img-user-name } }"
165,"components { home , sidebar } orientation { sidebar-right-home-left } home { table { btns { btn } table-col { category , category , category } table-row { entry , entry , entry , entry } } cards { img-card , img-card } } sidebar { logo { logo-txt } nav { field-active } }"
166,"components { home , sidebar } orientation { sidebar-right-home-left } home { table { btns { btn , btn , btn } table-col { category , category , category } table-row { entry , entry , entry } } cards { img-card , img-card } } sidebar { user { user-img } logo { logo-img } nav { field-inactive , field-active } }"
167,"components { home , sidebar } orientation { sidebar-right-home-left } home { table { btns { btn } table-col { category , category } table-row { entry , entry } } cards { img-btn-card , img-btn-card } } sidebar { nav { field-active , field-inactive , field-inactive , field-inactive } logo { logo-txt } user { user-name } }"
168,"components { home , sidebar } orientation { sidebar-right-home-left } home { table { btns { btn , btn } table-col { category , category , category } table-row { entry } } cards { img-btn-card , img-btn-card } } sidebar { logo { logo-txt } nav { field-inactive , field-inactive , field-inactive , field-active } user { user-img } }"
169,"components { home , sidebar } orientation { sidebar-right-home-left } home { table { btns { btn , btn , btn } table-col { category , category , category } table-row { entry , entry } } cards { img-btn-card , img-btn-card } } sidebar { logo { logo-img } nav { field-active } user { user-img-user-name } }"
170,"components { home , sidebar } orientation { sidebar-right-home-left } home { table { btns { btn , btn , btn } table-col { category , category , category } table-row { entry , entry } } cards { img-txt-btn-card , img-txt-btn-card } } sidebar { nav { field-inactive , field-inactive , field-active } logo { logo-img } }"
171,"components { sidebar , home } orientation { sidebar-left-home-right } sidebar { nav { field-inactive , field-active } user { user-img } } home { table { btns { btn , btn , btn } table-col { category , category } table-row { entry } } cards { img-txt-btn-card , img-card , img-btn-card } }"
172,"components { home , sidebar } orientation { sidebar-right-home-left } home { table { btns { btn } table-col { category , category , category } table-row { entry } } cards { img-card , img-card , img-card } } sidebar { nav { field-inactive , field-inactive , field-active } user { user-img-user-name } logo { logo-txt } }"
173,"components { home , sidebar } orientation { sidebar-right-home-left } home { table { btns { btn , btn } table-col { category , category } table-row { entry } } cards { img-card , img-card , img-card } } sidebar { logo { logo-txt } user { user-img } }"
174,"components { home , sidebar } orientation { sidebar-right-home-left } home { table { btns { btn } table-col { category , category , category } table-row { entry } } cards { img-card , img-card , img-btn-card } } sidebar { user { user-img-user-name } nav { field-inactive , field-inactive , field-active , field-inactive } }"
175,"components { home , sidebar } orientation { sidebar-right-home-left } home { table { btns { btn , btn } table-col { category , category } table-row { entry , entry , entry , entry } } cards { img-card , img-card , img-btn-card } } sidebar { user { user-name } nav { field-active } }"
176,"components { home , sidebar } orientation { sidebar-right-home-left } home { table { btns { btn , btn } table-col { category , category , category } table-row { entry } } cards { img-card , img-card , img-btn-card } } sidebar { nav { field-inactive , field-active , field-inactive } logo { logo-img } user { user-img-user-name } }"
177,"components { sidebar , home } orientation { sidebar-left-home-right } sidebar { nav { field-inactive , field-active } user { user-img-user-name } } home { cards { img-btn-card , img-txt-btn-card , img-btn-card } table { btns { btn , btn , btn } table-col { category , category } table-row { entry , entry , entry } } }"
178,"components { home , sidebar } orientation { sidebar-right-home-left } home { table { btns { btn , btn } table-col { category , category } table-row { entry , entry , entry } } cards { img-card , img-card , img-txt-btn-card } } sidebar { user { user-img } nav { field-inactive , field-inactive , field-active } logo { logo-img } }"
179,"components { home , sidebar } orientation { sidebar-right-home-left } home { table { btns { btn } table-col { category , category } table-row { entry , entry } } cards { img-card , img-btn-card , img-card } } sidebar { logo { logo-img } user { user-img-user-name } nav { field-inactive , field-inactive , field-active , field-inactive } }"
180,"components { home , sidebar } orientation { sidebar-right-home-left } home { table { btns { btn } table-col { category , category } table-row { entry , entry , entry , entry } } cards { img-card , img-btn-card , img-card } } sidebar { logo { logo-txt } nav { field-inactive , field-active , field-inactive } user { user-name } }"
181,"components { sidebar , home } orientation { sidebar-left-home-right } sidebar { nav { field-inactive , field-active } user { user-img-user-name } } home { table { btns { btn , btn } table-col { category , category } table-row { entry } } cards { img-txt-btn-card , img-txt-btn-card , img-btn-card } }"
182,"components { home , sidebar } orientation { sidebar-right-home-left } home { table { btns { btn , btn , btn } table-col { category , category , category } table-row { entry , entry , entry , entry } } cards { img-card , img-btn-card , img-card } } sidebar { nav { field-inactive , field-inactive , field-inactive , field-active } user { user-img } logo { logo-img } }"
183,"components { home , sidebar } orientation { sidebar-right-home-left } home { table { btns { btn } table-col { category , category } table-row { entry } } cards { img-card , img-btn-card , img-btn-card } } sidebar { nav { field-active , field-inactive , field-inactive } logo { logo-txt } user { user-img-user-name } }"
184,"components { home , sidebar } orientation { sidebar-right-home-left } home { table { btns { btn , btn } table-col { category , category , category } table-row { entry , entry , entry } } cards { img-card , img-btn-card , img-btn-card } } sidebar { nav { field-inactive , field-active , field-inactive } logo { logo-txt } user { user-img } }"
185,"components { home , sidebar } orientation { sidebar-right-home-left } home { table { btns { btn , btn } table-col { category , category , category } table-row { entry , entry , entry , entry } } cards { img-card , img-btn-card , img-btn-card } } sidebar { user { user-name } nav { field-inactive , field-inactive , field-active , field-inactive } }"
186,"components { home , sidebar } orientation { sidebar-right-home-left } home { table { btns { btn , btn , btn } table-col { category , category } table-row { entry } } cards { img-card , img-btn-card , img-btn-card } } sidebar { user { user-img } logo { logo-img } nav { field-inactive , field-active , field-inactive } }"
187,"components { home , sidebar } orientation { sidebar-right-home-left } home { table { btns { btn } table-col { category , category } table-row { entry , entry , entry } } cards { img-card , img-btn-card , img-txt-btn-card } } sidebar { nav { field-inactive , field-inactive , field-inactive , field-active } }"
188,"components { home , sidebar } orientation { sidebar-right-home-left } home { table { btns { btn , btn } table-col { category , category , category } table-row { entry , entry , entry , entry } } cards { img-card , img-btn-card , img-txt-btn-card } } sidebar { nav { field-inactive , field-inactive , field-inactive , field-active } }"
189,"components { home , sidebar } orientation { sidebar-right-home-left } home { table { btns { btn , btn } table-col { category , category } table-row { entry } } cards { img-card , img-txt-btn-card , img-card } } sidebar { nav { field-inactive , field-active , field-inactive } logo { logo-txt } user { user-img-user-name } }"
190,"components { sidebar , home } orientation { sidebar-left-home-right } sidebar { nav { field-inactive , field-active , field-inactive } } home { cards { img-txt-btn-card , img-card , img-card } table { btns { btn , btn , btn } table-col { category , category } table-row { entry , entry , entry , entry } } }"
191,"components { sidebar , home } orientation { sidebar-left-home-right } sidebar { nav { field-active } user { user-img-user-name } } home { table { btns { btn , btn } table-col { category , category } table-row { entry , entry , entry } } cards { img-card , img-card , img-txt-btn-card } }"
192,"components { home , sidebar } orientation { sidebar-right-home-left } home { table { btns { btn } table-col { category , category } table-row { entry , entry } } cards { img-btn-card , img-card , img-btn-card } } sidebar { nav { field-inactive , field-inactive , field-inactive , field-active } user { user-img-user-name } logo { logo-txt } }"
193,"components { home , sidebar } orientation { sidebar-right-home-left } home { table { btns { btn , btn } table-col { category , category , category } table-row { entry } } cards { img-btn-card , img-card , img-btn-card } } sidebar { logo { logo-img } user { user-img } nav { field-active } }"
194,"components { home , sidebar } orientation { sidebar-right-home-left } home { table { btns { btn } table-col { category , category } table-row { entry } } cards { img-btn-card , img-card , img-txt-btn-card } } sidebar { nav { field-inactive , field-active } user { user-img-user-name } }"
195,"components { home , sidebar } orientation { sidebar-right-home-left } home { table { btns { btn } table-col { category , category } table-row { entry , entry } } cards { img-btn-card , img-card , img-txt-btn-card } } sidebar { user { user-img-user-name } logo { logo-txt } nav { field-inactive , field-active , field-inactive , field-inactive } }"
196,"components { home , sidebar } orientation { sidebar-right-home-left } home { table { btns { btn , btn } table-col { category , category , category } table-row { entry , entry , entry , entry } } cards { img-btn-card , img-btn-card , img-card } } sidebar { nav { field-inactive , field-inactive , field-active , field-inactive } }"
197,"components { home , sidebar } orientation { sidebar-right-home-left } home { table { btns { btn , btn , btn } table-col { category , category } table-row { entry } } cards { img-btn-card , img-btn-card , img-card } } sidebar { nav { field-active , field-inactive } }"
198,"components { home , sidebar } orientation { sidebar-right-home-left } home { table { btns { btn , btn } table-col { category , category } table-row { entry , entry , entry } } cards { img-btn-card , img-btn-card , img-btn-card } } sidebar { logo { logo-img } user { user-name } nav { field-inactive , field-active } }"
199,"components { home , sidebar } orientation { sidebar-right-home-left } home { table { btns { btn , btn } table-col { category , category } table-row { entry , entry , entry , entry } } cards { img-btn-card , img-btn-card , img-btn-card } } sidebar { user { user-img-user-name } nav { field-active , field-inactive , field-inactive , field-inactive } logo { logo-img } }"
200,"components { home , sidebar } orientation { sidebar-right-home-left } home { table { btns { btn , btn } table-col { category , category , category } table-row { entry , entry , entry } } cards { img-btn-card , img-btn-card , img-btn-card } } sidebar { nav { field-inactive , field-active } user { user-img } logo { logo-txt } }"
201,"components { home , sidebar } orientation { sidebar-right-home-left } home { table { btns { btn , btn , btn } table-col { category , category } table-row { entry , entry , entry } } cards { img-btn-card , img-btn-card , img-btn-card } } sidebar { user { user-name } nav { field-inactive , field-inactive , field-inactive , field-active } }"
202,"components { home , sidebar } orientation { sidebar-right-home-left } home { table { btns { btn } table-col { category , category } table-row { entry , entry } } cards { img-btn-card , img-btn-card , img-txt-btn-card } } sidebar { nav { field-inactive , field-inactive , field-inactive , field-active } user { user-img-user-name } logo { logo-img } }"
203,"components { home , sidebar } orientation { sidebar-right-home-left } home { table { btns { btn , btn , btn } table-col { category , category , category } table-row { entry } } cards { img-btn-card , img-btn-card , img-txt-btn-card } } sidebar { nav { field-inactive , field-inactive , field-active , field-inactive } user { user-name } }"
204,"components { home , sidebar } orientation { sidebar-right-home-left } home { table { btns { btn } table-col { category , category , category } table-row { entry , entry } } cards { img-btn-card , img-txt-btn-card , img-card } } sidebar { logo { logo-txt } user { user-img-user-name } nav { field-active , field-inactive , field-inactive , field-inactive } }"
205,"components { home , sidebar } orientation { sidebar-right-home-left } home { table { btns { btn , btn , btn } table-col { category , category , category } table-row { entry , entry , entry } } cards { img-txt-btn-card , img-card , img-card } } sidebar { nav { field-inactive , field-inactive , field-inactive , field-active } logo { logo-txt } }"
206,"components { home , sidebar } orientation { sidebar-right-home-left } home { table { btns { btn , btn , btn } table-col { category , category , category } table-row { entry , entry , entry } } cards { img-txt-btn-card , img-card , img-card } } sidebar { logo { logo-txt } nav { field-active , field-inactive } user { user-img } }"
207,"components { home , sidebar } orientation { sidebar-right-home-left } home { table { btns { btn } table-col { category , category , category } table-row { entry , entry , entry , entry } } cards { img-txt-btn-card , img-card , img-btn-card } } sidebar { user { user-name } nav { field-active , field-inactive } logo { logo-img } }"
208,"components { home , sidebar } orientation { sidebar-right-home-left } home { table { btns { btn } table-col { category , category , category } table-row { entry } } cards { img-txt-btn-card , img-card , img-txt-btn-card } } sidebar { user { user-img-user-name } logo { logo-img } }"
209,"components { home , sidebar } orientation { sidebar-right-home-left } home { table { btns { btn , btn } table-col { category , category } table-row { entry } } cards { img-txt-btn-card , img-card , img-txt-btn-card } } sidebar { logo { logo-img } nav { field-inactive , field-active } user { user-name } }"
210,"components { home , sidebar } orientation { sidebar-right-home-left } home { table { btns { btn , btn } table-col { category , category , category } table-row { entry , entry , entry , entry } } cards { img-txt-btn-card , img-card , img-txt-btn-card } } sidebar { user { user-img } logo { logo-txt } nav { field-active , field-inactive , field-inactive } }"
211,"components { home , sidebar } orientation { sidebar-right-home-left } home { table { btns { btn , btn } table-col { category , category , category } table-row { entry , entry , entry } } cards { img-txt-btn-card , img-btn-card , img-card } } sidebar { nav { field-inactive , field-active , field-inactive } user { user-img-user-name } logo { logo-txt } }"
212,"components { home , sidebar } orientation { sidebar-right-home-left } home { table { btns { btn } table-col { category , category , category } table-row { entry } } cards { img-txt-btn-card , img-btn-card , img-txt-btn-card } } sidebar { logo { logo-txt } }"
213,"components { home , sidebar } orientation { sidebar-right-home-left } home { table { btns { btn , btn , btn } table-col { category , category } table-row { entry } } cards { img-txt-btn-card , img-btn-card , img-txt-btn-card } } sidebar { logo { logo-img } user { user-img-user-name } nav { field-inactive , field-active } }"
214,"components { home , sidebar } orientation { sidebar-right-home-left } home { table { btns { btn , btn , btn } table-col { category , category , category } table-row { entry , entry , entry } } cards { img-txt-btn-card , img-btn-card , img-txt-btn-card } } sidebar { nav { field-inactive , field-inactive , field-active } logo { logo-txt } }"
215,"components { home , sidebar } orientation { sidebar-right-home-left } home { table { btns { btn , btn } table-col { category , category , category } table-row { entry , entry , entry , entry } } cards { img-txt-btn-card , img-txt-btn-card , img-card } } sidebar { nav { field-inactive , field-inactive , field-inactive , field-active } logo { logo-img } user { user-name } }"
216,"components { home , sidebar } orientation { sidebar-right-home-left } home { table { btns { btn , btn , btn } table-col { category , category , category } table-row { entry , entry , entry , entry } } cards { img-txt-btn-card , img-txt-btn-card , img-card } } sidebar { logo { logo-txt } user { user-img } nav { field-active , field-inactive , field-inactive } }"
217,"components { home , sidebar } orientation { sidebar-right-home-left } home { table { btns { btn } table-col { category , category } table-row { entry , entry , entry , entry } } cards { img-txt-btn-card , img-txt-btn-card , img-btn-card } } sidebar { user { user-img } nav { field-inactive , field-active , field-inactive } logo { logo-txt } }"
218,"components { home , sidebar } orientation { sidebar-right-home-left } home { table { btns { btn } table-col { category , category , category } table-row { entry } } cards { img-txt-btn-card , img-txt-btn-card , img-btn-card } } sidebar { logo { logo-txt } user { user-name } nav { field-inactive , field-inactive , field-active , field-inactive } }"
219,"components { home , sidebar } orientation { sidebar-right-home-left } home { table { btns { btn , btn } table-col { category , category } table-row { entry , entry , entry } } cards { img-txt-btn-card , img-txt-btn-card , img-btn-card } } sidebar { logo { logo-img } nav { field-active , field-inactive } user { user-img } }"
220,"components { home , sidebar } orientation { sidebar-right-home-left } home { table { btns { btn , btn } table-col { category , category } table-row { entry , entry , entry , entry } } cards { img-txt-btn-card , img-txt-btn-card , img-btn-card } } sidebar { user { user-img-user-name } nav { field-inactive , field-active , field-inactive , field-inactive } logo { logo-img } }"
221,"components { home , sidebar } orientation { sidebar-right-home-left } home { table { btns { btn , btn , btn } table-col { category , category } table-row { entry , entry , entry } } cards { img-txt-btn-card , img-txt-btn-card , img-btn-card } } sidebar { nav { field-active , field-inactive } }"
222,"components { home , sidebar } orientation { sidebar-right-home-left } home { table { btns { btn , btn , btn } table-col { category , category , category } table-row { entry , entry , entry } } cards { img-txt-btn-card , img-txt-btn-card , img-btn-card } } sidebar { nav { field-inactive , field-inactive , field-inactive , field-active } user { user-img-user-name } logo { logo-img } }"
223,"components { sidebar , home } orientation { sidebar-left-home-right } sidebar { user { user-name } nav { field-inactive , field-inactive , field-inactive , field-active } } home { table { btns { btn , btn } table-col { category , category , category } table-row { entry , entry , entry } } cards { img-btn-card , img-btn-card , img-card } }"
224,"components { sidebar , home } orientation { sidebar-left-home-right } sidebar { user { user-img-user-name } nav { field-active , field-inactive , field-inactive } } home { table { btns { btn , btn } table-col { category , category } table-row { entry } } cards { img-card , img-card } }"
225,"components { sidebar , home } orientation { sidebar-left-home-right } sidebar { user { user-name } nav { field-inactive , field-active , field-inactive } } home { cards { img-txt-btn-card , img-card } table { btns { btn , btn } table-col { category , category , category } table-row { entry , entry , entry , entry } } }"
226,"components { sidebar , home } orientation { sidebar-left-home-right } sidebar { user { user-img-user-name } nav { field-inactive , field-active , field-inactive } } home { table { btns { btn , btn } table-col { category , category } table-row { entry } } cards { img-txt-btn-card , img-btn-card , img-btn-card } }"
227,"components { sidebar , home } orientation { sidebar-left-home-right } sidebar { user { user-img } nav { field-inactive , field-active } } home { cards { img-card , img-card , img-btn-card } table { btns { btn } table-col { category , category } table-row { entry , entry , entry , entry } } }"
228,"components { sidebar , home } orientation { sidebar-left-home-right } sidebar { nav { field-inactive , field-active } } home { cards { img-btn-card , img-txt-btn-card } table { btns { btn } table-col { category , category , category } table-row { entry , entry , entry } } }"
229,"components { sidebar , home } orientation { sidebar-left-home-right } sidebar { user { user-img } nav { field-active } } home { cards { img-txt-btn-card , img-btn-card , img-btn-card } table { btns { btn , btn } table-col { category , category , category } table-row { entry , entry , entry } } }"
230,"components { sidebar , home } orientation { sidebar-left-home-right } sidebar { logo { logo-img } user { user-img-user-name } } home { cards { img-btn-card , img-card , img-txt-btn-card } table { btns { btn , btn } table-col { category , category } table-row { entry , entry , entry } } }"
231,"components { sidebar , home } orientation { sidebar-left-home-right } sidebar { user { user-name } logo { logo-img } } home { cards { img-txt-btn-card , img-card , img-card } table { btns { btn , btn , btn } table-col { category , category , category } table-row { entry , entry , entry , entry } } }"
232,"components { sidebar , home } orientation { sidebar-left-home-right } sidebar { user { user-img } logo { logo-txt } } home { table { btns { btn , btn } table-col { category , category , category } table-row { entry } } cards { img-txt-btn-card , img-btn-card , img-txt-btn-card } }"
233,"components { sidebar , home } orientation { sidebar-left-home-right } sidebar { user { user-img-user-name } logo { logo-txt } } home { table { btns { btn } table-col { category , category , category } table-row { entry , entry , entry } } cards { img-btn-card , img-btn-card , img-btn-card } }"
234,"components { sidebar , home } orientation { sidebar-left-home-right } sidebar { nav { field-active } } home { table { btns { btn } table-col { category , category } table-row { entry } } cards { img-card , img-txt-btn-card , img-btn-card } }"
235,"components { sidebar , home } orientation { sidebar-left-home-right } sidebar { logo { logo-img } nav { field-active , field-inactive , field-inactive , field-inactive } user { user-name } } home { table { btns { btn } table-col { category , category } table-row { entry , entry } } cards { img-txt-btn-card , img-txt-btn-card , img-card } }"
236,"components { sidebar , home } orientation { sidebar-left-home-right } sidebar { user { user-img } } home { table { btns { btn , btn } table-col { category , category , category } table-row { entry , entry } } cards { img-txt-btn-card , img-txt-btn-card } }"
237,"components { sidebar , home } orientation { sidebar-left-home-right } sidebar { user { user-name } logo { logo-img } nav { field-active , field-inactive , field-inactive , field-inactive } } home { cards { img-txt-btn-card , img-txt-btn-card , img-txt-btn-card } table { btns { btn , btn } table-col { category , category , category } table-row { entry } } }"
238,"components { sidebar , home } orientation { sidebar-left-home-right } sidebar { user { user-name } nav { field-active , field-inactive , field-inactive , field-inactive } logo { logo-img } } home { table { btns { btn , btn , btn } table-col { category , category } table-row { entry , entry , entry } } cards { img-btn-card , img-btn-card } }"
239,"components { sidebar , home } orientation { sidebar-left-home-right } sidebar { nav { field-active , field-inactive , field-inactive , field-inactive } logo { logo-img } user { user-img-user-name } } home { table { btns { btn } table-col { category , category , category } table-row { entry } } cards { img-card , img-txt-btn-card , img-txt-btn-card } }"
240,"components { sidebar , home } orientation { sidebar-left-home-right } sidebar { logo { logo-img } nav { field-active , field-inactive , field-inactive , field-inactive } user { user-img-user-name } } home { cards { img-btn-card , img-btn-card , img-txt-btn-card } table { btns { btn , btn } table-col { category , category } table-row { entry , entry } } }"
241,"components { sidebar , home } orientation { sidebar-left-home-right } sidebar { logo { logo-img } nav { field-active , field-inactive , field-inactive , field-inactive } user { user-img-user-name } } home { table { btns { btn , btn , btn } table-col { category , category } table-row { entry , entry , entry , entry } } cards { img-txt-btn-card } }"
242,"components { sidebar , home } orientation { sidebar-left-home-right } sidebar { logo { logo-txt } user { user-img } nav { field-active , field-inactive , field-inactive , field-inactive } } home { table { btns { btn , btn } table-col { category , category } table-row { entry } } cards { img-btn-card , img-card , img-card } }"
243,"components { sidebar , home } orientation { sidebar-left-home-right } sidebar { user { user-name } logo { logo-txt } nav { field-active , field-inactive , field-inactive , field-inactive } } home { cards { img-card , img-txt-btn-card , img-card } table { btns { btn , btn } table-col { category , category } table-row { entry } } }"
244,"components { sidebar , home } orientation { sidebar-left-home-right } sidebar { logo { logo-txt } user { user-img-user-name } nav { field-active , field-inactive , field-inactive , field-inactive } } home { cards { img-btn-card , img-btn-card } table { btns { btn , btn , btn } table-col { category , category } table-row { entry , entry , entry , entry } } }"
245,"components { sidebar , home } orientation { sidebar-left-home-right } sidebar { logo { logo-img } user { user-img } nav { field-inactive , field-active , field-inactive , field-inactive } } home { cards { img-txt-btn-card , img-card } table { btns { btn , btn } table-col { category , category , category } table-row { entry , entry , entry , entry } } }"
246,"components { sidebar , home } orientation { sidebar-left-home-right } sidebar { user { user-img } logo { logo-img } nav { field-inactive , field-active , field-inactive , field-inactive } } home { cards { img-txt-btn-card , img-txt-btn-card , img-txt-btn-card } table { btns { btn } table-col { category , category } table-row { entry } } }"
247,"components { sidebar , home } orientation { sidebar-left-home-right } sidebar { nav { field-active , field-inactive , field-inactive , field-inactive } logo { logo-txt } } home { table { btns { btn } table-col { category , category } table-row { entry , entry , entry , entry } } cards { img-btn-card , img-card } }"
248,"components { sidebar , home } orientation { sidebar-left-home-right } sidebar { nav { field-inactive , field-active , field-inactive , field-inactive } user { user-img-user-name } logo { logo-img } } home { table { btns { btn } table-col { category , category } table-row { entry , entry , entry , entry } } cards { img-card } }"
249,"components { sidebar , home } orientation { sidebar-left-home-right } sidebar { user { user-name } logo { logo-txt } nav { field-inactive , field-active , field-inactive , field-inactive } } home { table { btns { btn } table-col { category , category , category } table-row { entry , entry , entry } } cards { img-card , img-txt-btn-card , img-txt-btn-card } }"
250,"components { sidebar , home } orientation { sidebar-left-home-right } sidebar { logo { logo-img } user { user-img } nav { field-inactive , field-inactive , field-active , field-inactive } } home { cards { img-card , img-txt-btn-card , img-txt-btn-card } table { btns { btn , btn } table-col { category , category , category } table-row { entry , entry } } }"
251,"components { sidebar , home } orientation { sidebar-left-home-right } sidebar { logo { logo-img } user { user-img } nav { field-inactive , field-inactive , field-active , field-inactive } } home { cards { img-txt-btn-card , img-card , img-card } table { btns { btn } table-col { category , category , category } table-row { entry , entry , entry } } }"
252,"components { sidebar , home } orientation { sidebar-left-home-right } sidebar { user { user-img } nav { field-inactive , field-inactive , field-active , field-inactive } logo { logo-img } } home { cards { img-txt-btn-card , img-card , img-txt-btn-card } table { btns { btn , btn , btn } table-col { category , category , category } table-row { entry } } }"
253,"components { sidebar , home } orientation { sidebar-left-home-right } sidebar { nav { field-inactive , field-inactive , field-active , field-inactive } logo { logo-img } user { user-name } } home { table { btns { btn } table-col { category , category } table-row { entry } } cards { img-card } }"
254,"components { sidebar , home } orientation { sidebar-left-home-right } sidebar { logo { logo-img } nav { field-inactive , field-inactive , field-active , field-inactive } user { user-name } } home { cards { img-txt-btn-card , img-btn-card , img-card } table { btns { btn , btn , btn } table-col { category , category } table-row { entry , entry , entry } } }"
255,"components { sidebar , home } orientation { sidebar-left-home-right } sidebar { logo { logo-img } user { user-name } nav { field-inactive , field-inactive , field-active , field-inactive } } home { cards { img-card , img-card , img-btn-card } table { btns { btn , btn } table-col { category , category } table-row { entry , entry , entry , entry } } }"
256,"components { sidebar , home } orientation { sidebar-left-home-right } sidebar { logo { logo-img } user { user-name } nav { field-inactive , field-inactive , field-active , field-inactive } } home { table { btns { btn , btn , btn } table-col { category , category , category } table-row { entry } } cards { img-card , img-card } }"
257,"components { sidebar , home } orientation { sidebar-left-home-right } sidebar { user { user-name } logo { logo-img } nav { field-inactive , field-inactive , field-active , field-inactive } } home { table { btns { btn } table-col { category , category } table-row { entry } } cards { img-card , img-card , img-card } }"
258,"components { sidebar , home } orientation { sidebar-left-home-right } sidebar { user { user-img-user-name } logo { logo-img } nav { field-inactive , field-inactive , field-active , field-inactive } } home { table { btns { btn , btn } table-col { category , category } table-row { entry , entry , entry , entry } } cards { img-txt-btn-card , img-btn-card , img-btn-card } }"
259,"components { sidebar , home } orientation { sidebar-left-home-right } sidebar { user { user-img-user-name } nav { field-inactive , field-inactive , field-active , field-inactive } logo { logo-img } } home { table { btns { btn } table-col { category , category } table-row { entry , entry , entry , entry } } cards { img-card , img-txt-btn-card , img-card } }"
260,"components { sidebar , home } orientation { sidebar-left-home-right } sidebar { logo { logo-txt } nav { field-inactive , field-inactive , field-active , field-inactive } user { user-img } } home { cards { img-txt-btn-card } table { btns { btn , btn , btn } table-col { category , category , category } table-row { entry , entry , entry , entry } } }"
261,"components { sidebar , home } orientation { sidebar-left-home-right } sidebar { logo { logo-txt } user { user-img } nav { field-inactive , field-inactive , field-active , field-inactive } } home { cards { img-card , img-btn-card , img-txt-btn-card } table { btns { btn } table-col { category , category , category } table-row { entry , entry } } }"
262,"components { sidebar , home } orientation { sidebar-left-home-right } sidebar { nav { field-inactive , field-inactive , field-active , field-inactive } logo { logo-txt } } home { table { btns { btn } table-col { category , category , category } table-row { entry , entry , entry , entry } } cards { img-txt-btn-card , img-txt-btn-card , img-btn-card } }"
263,"components { sidebar , home } orientation { sidebar-left-home-right } sidebar { user { user-img } logo { logo-txt } nav { field-inactive , field-inactive , field-active , field-inactive } } home { cards { img-card , img-txt-btn-card , img-txt-btn-card } table { btns { btn , btn , btn } table-col { category , category } table-row { entry , entry } } }"
264,"components { sidebar , home } orientation { sidebar-left-home-right } sidebar { logo { logo-txt } nav { field-inactive , field-inactive , field-active , field-inactive } user { user-name } } home { table { btns { btn , btn } table-col { category , category , category } table-row { entry } } cards { img-btn-card , img-txt-btn-card , img-btn-card } }"
265,"components { sidebar , home } orientation { sidebar-left-home-right } sidebar { nav { field-inactive , field-inactive , field-inactive , field-active } logo { logo-img } } home { table { btns { btn } table-col { category , category , category } table-row { entry , entry , entry } } cards { img-btn-card , img-card } }"
266,"components { sidebar , home } orientation { sidebar-left-home-right } sidebar { logo { logo-txt } user { user-name } nav { field-inactive , field-inactive , field-active , field-inactive } } home { cards { img-txt-btn-card , img-card , img-txt-btn-card } table { btns { btn , btn } table-col { category , category } table-row { entry , entry } } }"
267,"components { sidebar , home } orientation { sidebar-left-home-right } sidebar { user { user-name } logo { logo-txt } nav { field-inactive , field-inactive , field-active , field-inactive } } home { cards { img-card , img-btn-card , img-txt-btn-card } table { btns { btn , btn } table-col { category , category , category } table-row { entry } } }"
268,"components { sidebar , home } orientation { sidebar-left-home-right } sidebar { logo { logo-txt } nav { field-inactive , field-inactive , field-active , field-inactive } user { user-img-user-name } } home { table { btns { btn } table-col { category , category } table-row { entry , entry , entry , entry } } cards { img-txt-btn-card , img-txt-btn-card , img-txt-btn-card } }"
269,"components { sidebar , home } orientation { sidebar-left-home-right } sidebar { user { user-img-user-name } nav { field-inactive , field-inactive , field-active , field-inactive } logo { logo-txt } } home { cards { img-txt-btn-card , img-txt-btn-card , img-btn-card } table { btns { btn } table-col { category , category , category } table-row { entry } } }"
270,"components { sidebar , home } orientation { sidebar-left-home-right } sidebar { nav { field-inactive , field-inactive , field-inactive , field-active } logo { logo-img } user { user-img } } home { cards { img-txt-btn-card , img-btn-card , img-txt-btn-card } table { btns { btn , btn , btn } table-col { category , category , category } table-row { entry , entry } } }"
271,"components { sidebar , home } orientation { sidebar-left-home-right } sidebar { nav { field-inactive , field-inactive , field-inactive , field-active } logo { logo-txt } } home { table { btns { btn } table-col { category , category } table-row { entry , entry } } cards { img-card , img-btn-card , img-btn-card } }"
272,"components { sidebar , home } orientation { sidebar-left-home-right } sidebar { nav { field-inactive , field-inactive , field-inactive , field-active } logo { logo-txt } } home { table { btns { btn , btn , btn } table-col { category , category } table-row { entry } } cards { img-txt-btn-card , img-txt-btn-card , img-txt-btn-card } }"
273,"components { sidebar , home } orientation { sidebar-left-home-right } sidebar { nav { field-inactive , field-inactive , field-inactive , field-active } logo { logo-img } user { user-name } } home { cards { img-btn-card , img-card , img-card } table { btns { btn , btn } table-col { category , category , category } table-row { entry } } }"
274,"components { sidebar , home } orientation { sidebar-left-home-right } sidebar { nav { field-inactive , field-inactive , field-inactive , field-active } user { user-name } logo { logo-img } } home { table { btns { btn , btn } table-col { category , category , category } table-row { entry , entry , entry , entry } } cards { img-card , img-card , img-card } }"
275,"components { sidebar , home } orientation { sidebar-left-home-right } sidebar { logo { logo-img } nav { field-inactive , field-inactive , field-inactive , field-active } user { user-name } } home { table { btns { btn } table-col { category , category } table-row { entry } } cards { img-txt-btn-card , img-txt-btn-card , img-txt-btn-card } }"
276,"components { sidebar , home } orientation { sidebar-left-home-right } sidebar { logo { logo-img } user { user-name } nav { field-inactive , field-inactive , field-inactive , field-active } } home { table { btns { btn , btn , btn } table-col { category , category , category } table-row { entry } } cards { img-txt-btn-card , img-btn-card , img-txt-btn-card } }"
277,"components { sidebar , home } orientation { sidebar-left-home-right } sidebar { logo { logo-img } user { user-img-user-name } nav { field-inactive , field-inactive , field-inactive , field-active } } home { table { btns { btn , btn , btn } table-col { category , category , category } table-row { entry , entry , entry } } cards { img-card , img-btn-card , img-txt-btn-card } }"
278,"components { sidebar , home } orientation { sidebar-left-home-right } sidebar { user { user-img } logo { logo-txt } nav { field-inactive , field-inactive , field-inactive , field-active } } home { table { btns { btn , btn } table-col { category , category } table-row { entry } } }"
279,"components { sidebar , home } orientation { sidebar-left-home-right } sidebar { user { user-img } logo { logo-txt } nav { field-inactive , field-inactive , field-inactive , field-active } } home { cards { img-btn-card , img-card , img-card } table { btns { btn , btn , btn } table-col { category , category } table-row { entry , entry } } }"
280,"components { sidebar , home } orientation { sidebar-left-home-right } sidebar { user { user-img } logo { logo-txt } nav { field-inactive , field-inactive , field-inactive , field-active } } home { table { btns { btn , btn } table-col { category , category } table-row { entry , entry , entry } } cards { img-card , img-card , img-txt-btn-card } }"
281,"components { sidebar , home } orientation { sidebar-left-home-right } sidebar { user { user-img } logo { logo-txt } nav { field-inactive , field-inactive , field-inactive , field-active } } home { table { btns { btn } table-col { category , category } table-row { entry , entry , entry , entry } } cards { img-card , img-txt-btn-card , img-btn-card } }"
282,"components { sidebar , home } orientation { sidebar-left-home-right } sidebar { user { user-img } nav { field-inactive , field-inactive , field-inactive , field-active } logo { logo-txt } } home { cards { img-card , img-card , img-card } table { btns { btn } table-col { category , category } table-row { entry } } }"
283,"components { sidebar , home } orientation { sidebar-left-home-right } sidebar { logo { logo-txt } nav { field-inactive , field-inactive , field-inactive , field-active } user { user-img-user-name } } home { table { btns { btn , btn } table-col { category , category } table-row { entry } } cards { img-card , img-txt-btn-card , img-card } }"
284,"components { sidebar , home } orientation { sidebar-left-home-right } sidebar { logo { logo-txt } nav { field-inactive , field-inactive , field-inactive , field-active } user { user-img-user-name } } home { table { btns { btn , btn , btn } table-col { category , category } table-row { entry , entry , entry } } cards { img-txt-btn-card , img-txt-btn-card , img-card } }"
285,"components { sidebar , home } orientation { sidebar-left-home-right } sidebar { nav { field-active , field-inactive , field-inactive } logo { logo-img } user { user-img } } home { cards { img-card , img-txt-btn-card , img-txt-btn-card } table { btns { btn } table-col { category , category , category } table-row { entry } } }"
286,"components { sidebar , home } orientation { sidebar-left-home-right } sidebar { nav { field-active , field-inactive , field-inactive } logo { logo-img } user { user-img } } home { table { btns { btn , btn , btn } table-col { category , category } table-row { entry } } cards { img-card , img-card , img-btn-card } }"
287,"components { sidebar , home } orientation { sidebar-left-home-right } sidebar { nav { field-active , field-inactive , field-inactive } user { user-img } logo { logo-img } } home { cards { img-card } table { btns { btn , btn , btn } table-col { category , category } table-row { entry , entry } } }"
288,"components { sidebar , home } orientation { sidebar-left-home-right } sidebar { nav { field-active , field-inactive , field-inactive } user { user-name } logo { logo-img } } home { table { btns { btn , btn , btn } table-col { category , category , category } table-row { entry , entry , entry } } cards { img-btn-card , img-btn-card , img-txt-btn-card } }"
289,"components { sidebar , home } orientation { sidebar-left-home-right } sidebar { nav { field-active , field-inactive , field-inactive } logo { logo-img } user { user-img-user-name } } home { table { btns { btn } table-col { category , category } table-row { entry , entry , entry , entry } } cards { img-txt-btn-card , img-btn-card , img-btn-card } }"
290,"components { sidebar , home } orientation { sidebar-left-home-right } sidebar { logo { logo-txt } nav { field-active , field-inactive , field-inactive } user { user-name } } home { table { btns { btn , btn } table-col { category , category } table-row { entry , entry , entry , entry } } cards { img-txt-btn-card , img-txt-btn-card , img-txt-btn-card } }"
291,"components { sidebar , home } orientation { sidebar-left-home-right } sidebar { logo { logo-img } nav { field-inactive , field-active , field-inactive } user { user-img } } home { cards { img-card , img-txt-btn-card } table { btns { btn , btn } table-col { category , category , category } table-row { entry } } }"
292,"components { sidebar , home } orientation { sidebar-left-home-right } sidebar { nav { field-inactive , field-active , field-inactive } logo { logo-img } user { user-img-user-name } } home { table { btns { btn } table-col { category , category } table-row { entry , entry , entry , entry } } cards { img-btn-card , img-btn-card , img-btn-card } }"
293,"components { sidebar , home } orientation { sidebar-left-home-right } sidebar { nav { field-inactive , field-active , field-inactive } user { user-img-user-name } logo { logo-img } } home { table { btns { btn , btn , btn } table-col { category , category , category } table-row { entry , entry , entry } } cards { img-btn-card , img-txt-btn-card , img-txt-btn-card } }"
294,"components { sidebar , home } orientation { sidebar-left-home-right } sidebar { logo { logo-txt } nav { field-inactive , field-active , field-inactive } user { user-name } } home { cards { img-btn-card , img-btn-card , img-txt-btn-card } table { btns { btn } table-col { category , category } table-row { entry } } }"
295,"components { sidebar , home } orientation { sidebar-left-home-right } sidebar { logo { logo-txt } nav { field-inactive , field-active , field-inactive } user { user-name } } home { table { btns { btn , btn } table-col { category , category } table-row { entry , entry } } cards { img-btn-card } }"
296,"components { sidebar , home } orientation { sidebar-left-home-right } sidebar { logo { logo-txt } nav { field-inactive , field-active , field-inactive } user { user-name } } home { table { btns { btn , btn , btn } table-col { category , category , category } table-row { entry , entry } } cards { img-btn-card , img-btn-card , img-btn-card } }"
297,"components { sidebar , home } orientation { sidebar-left-home-right } sidebar { logo { logo-txt } user { user-name } nav { field-inactive , field-active , field-inactive } } home { cards { img-txt-btn-card , img-btn-card , img-txt-btn-card } table { btns { btn , btn } table-col { category , category , category } table-row { entry , entry , entry } } }"
298,"components { sidebar , home } orientation { sidebar-left-home-right } sidebar { nav { field-inactive , field-active , field-inactive } logo { logo-txt } user { user-img-user-name } } home { cards { img-card , img-btn-card , img-txt-btn-card } table { btns { btn } table-col { category , category } table-row { entry , entry } } }"
299,"components { sidebar , home } orientation { sidebar-left-home-right } sidebar { logo { logo-txt } nav { field-inactive , field-active , field-inactive } user { user-img-user-name } } home { cards { img-txt-btn-card , img-card } table { btns { btn , btn } table-col { category , category } table-row { entry } } }"
